,Accuracy,Precision,Recall,F1 Score,AUC-ROC
DecisionTree,0.7486615540442773,0.7883842443729904,0.8515302800086825,0.8187415214442242,0.6972495150043412
RandomForest,0.756909275068731,0.7730919947751446,0.8992836987193401,0.831426851294401,0.6857529604707813
SGD,0.6998987121979453,0.7198403055025169,0.9001519426958976,0.7999614197530864,0.5998155546812821
XGBoost,0.7545941253074808,0.7801732435033686,0.8797482092467983,0.8269740869210366,0.692044243512288
