,Accuracy,Precision,Recall,F1 Score,AUC-ROC
DecisionTree,0.9041468664960806,0.9342340330504689,0.825310712172026,0.8764009636535037,0.892321171179571
RandomForest,0.9969944356443686,0.9929467084639498,0.9998027224304596,0.9963629214587634,0.9974156883573966
SGD,0.8068721822834166,0.8369007385154588,0.6594989149733675,0.7376841176146081,0.7847656834067279
XGBoost,0.9988627594330044,0.9992099545723879,0.9980272243045966,0.9986182392420055,0.9987374262792058
